SKU ID,Product Name,Category,Monthly Orders,Revenue,Margin %,Fulfillment %,Basket %,Returns %,Trend (%),Days to Expiry,Profit Proxy,Profit Score,Availability Score,Growth Score,Strategic Score,Service Risk,Expiry Risk,AI Score,Recommended Action
RDH-0243,Oral-B Electric Toothbrush D100 Large,Health & Wellness,1717,172439.71,37.0,98.0,4.1,2.5,13.2,362,60963.47287485,1.0,0.8214285714285713,0.9179487179487179,0.017204301075268814,0.1637362637362638,0.5991091314031181,66.4,PROMOTE
RDH-0184,Tide Laundry Liquid 1kg,Pantry Essentials,3488,156535.76,28.3,97.6,18.8,3.5,14.0,762,41723.1541761472,0.6828318975763009,0.7499999999999988,0.9589743589743589,0.3333333333333333,0.24358974358974406,0.15367483296213813,59.4,PROMOTE
RDH-0254,Oral-B Electric Toothbrush D100 Small,Health & Wellness,1329,140038.62,34.7,98.4,6.5,3.8,13.0,156,45998.90226633313,0.7533157044946062,0.8928571428571438,0.9076923076923077,0.06881720430107527,0.20183150183150142,0.8285077951002227,57.3,PROMOTE
RDH-0251,Oral-B Electric Toothbrush D100 Small,Health & Wellness,1746,170321.77,36.9,97.3,8.1,3.1,2.0,295,59256.1109980898,0.9718548982954681,0.6964285714285706,0.3435897435897436,0.1032258064516129,0.24450549450549486,0.6737193763919822,54.4,MAINTAIN
RDH-0258,Oral-B Electric Toothbrush D100 Medium,Health & Wellness,1215,123189.4,44.0,97.4,6.8,5.7,1.1,270,49784.788455951995,0.8157243557002881,0.714285714285715,0.2974358974358975,0.07526881720430108,0.3706959706959704,0.7015590200445434,46.4,MAINTAIN
RDH-0079,Pepsi Regular 500ml,Beverages,3533,58017.08,24.6,98.4,15.4,2.9,14.8,853,13636.574905979522,0.21983712133631667,0.8928571428571438,1.0,0.2602150537634409,0.1556776556776553,0.0523385300668151,43.9,PROMOTE
RDH-0038,Sweet Corn Fresh 1kg,Fresh & Produce,3199,32281.34,20.9,99.0,41.8,4.1,11.5,3,6405.4794449646,0.10063572650862315,1.0,0.8307692307692307,0.8279569892473119,0.1743589743589743,0.9988864142538976,43.5,MAINTAIN
RDH-0231,Frozen Shrimp 400g,Frozen,1572,65423.55,27.0,97.7,17.3,3.4,12.6,823,16671.303593847,0.2698632749762033,0.7678571428571431,0.8871794871794872,0.3010752688172043,0.2313186813186812,0.08574610244988867,41.9,PROMOTE
RDH-0019,Mushrooms 1kg,Fresh & Produce,4961,46387.56,22.7,98.7,46.8,1.5,4.5,6,10237.190133983398,0.1637997742202982,0.9464285714285718,0.4717948717948718,0.9354838709677419,0.06245421245421229,0.9955456570155902,41.7,MAINTAIN
RDH-0134,Mixed Nuts Roasted 40g,Snacks & Confectionery,3253,59311.45,28.8,98.3,12.2,2.7,14.8,174,16337.9434047984,0.2643679804210628,0.8749999999999993,1.0,0.19139784946236557,0.1525641025641028,0.8084632516703786,41.2,PROMOTE
RDH-0255,Finish Dishwasher Tablets Large,Health & Wellness,1993,115129.46,30.7,97.1,7.2,1.7,6.6,278,33736.31094478046,0.5511723366450704,0.6607142857142844,0.5794871794871795,0.08387096774193549,0.18699633699633753,0.6926503340757239,40.7,MAINTAIN
RDH-0141,Cheddar Cheese 1kg,Dairy & Eggs,3510,40689.49,12.5,99.0,46.8,5.2,6.9,9,4773.487519349999,0.07373306495068963,1.0,0.594871794871795,0.9354838709677419,0.23076923076923073,0.9922048997772829,40.1,MAINTAIN
RDH-0020,Avocados 1kg,Fresh & Produce,3197,39273.63,15.5,98.7,34.8,3.2,11.3,8,5816.011444412399,0.09091860850749366,0.9464285714285718,0.8205128205128205,0.6774193548387096,0.14963369963369946,0.9933184855233853,39.8,MAINTAIN
RDH-0175,Head & Shoulders Shampoo 2kg,Pantry Essentials,3140,84461.82,25.9,97.1,15.7,3.2,12.9,302,20561.49965318064,0.33399142802380277,0.6607142857142844,0.9025641025641027,0.26666666666666666,0.2639194139194144,0.665924276169265,39.7,PROMOTE
RDH-0065,Butter Chicken 350g,Ready Meals,2217,52381.81,28.8,98.7,18.1,4.5,9.0,470,14219.8008131088,0.2294513412016563,0.9464285714285718,0.7025641025641025,0.31827956989247314,0.21630036630036611,0.4788418708240535,39.3,PROMOTE
RDH-0229,Frozen Beef Burgers 1kg,Frozen,3681,110297.69,33.1,97.1,21.3,2.0,-2.2,323,34740.79210641621,0.5677307621548225,0.6607142857142844,0.1282051282051282,0.3870967741935484,0.20238095238095294,0.6425389755011136,39.1,REPLACE
RDH-0195,Heinz Mayonnaise 200g,Pantry Essentials,3271,54447.79,19.6,98.6,17.9,5.7,12.9,422,9922.58746429832,0.1586136890351202,0.9285714285714275,0.9025641025641027,0.31397849462365585,0.2849816849816854,0.532293986636971,38.7,MAINTAIN
RDH-0244,Oral-B Electric Toothbrush D100 Medium,Health & Wellness,573,52500.4,37.0,98.3,5.5,6.5,14.5,144,17853.750652540002,0.28935538920232734,0.8749999999999993,0.9846153846153846,0.04731182795698925,0.34743589743589764,0.8418708240534521,38.4,PROMOTE
RDH-0136,Greek Yogurt Plain 30pcs,Dairy & Eggs,5406,54931.65,18.2,98.2,49.8,2.2,1.7,4,9601.616921878798,0.15332263229810425,0.8571428571428575,0.3282051282051282,1.0,0.13406593406593392,0.9977728285077951,38.0,MAINTAIN
RDH-0249,Dettol Antiseptic Liquid Large,Health & Wellness,1993,52231.68,39.2,97.4,8.1,1.3,12.4,341,19683.22112483328,0.31951339683328034,0.714285714285715,0.876923076923077,0.1032258064516129,0.1450549450549448,0.6224944320712695,38.0,PROMOTE
RDH-0260,Strepsils Lozenges Medium,Health & Wellness,1660,39766.13,36.8,98.8,4.0,2.7,13.8,156,14067.953737452157,0.22694820964761128,0.9642857142857137,0.9487179487179487,0.01505376344086022,0.11684981684981705,0.8285077951002227,37.8,PROMOTE
RDH-0033,Blueberries 1kg,Fresh & Produce,1314,19422.27,17.8,98.9,33.5,1.8,9.8,6,3357.5908207438806,0.05039263716686294,0.9821428571428581,0.7435897435897436,0.6494623655913978,0.06355311355311316,0.9955456570155902,37.6,MAINTAIN
RDH-0162,Eggs Brown Omega 500g,Dairy & Eggs,4376,48312.98,16.6,97.7,37.3,5.9,11.8,2,7373.20147474076,0.11658819406719893,0.7678571428571431,0.8461538461538461,0.7311827956989247,0.3595238095238094,1.0,37.6,MAINTAIN
RDH-0218,Frozen Mixed Vegetables 750g,Frozen,2260,21820.31,24.6,98.6,21.4,2.4,11.7,593,5165.623581663361,0.08019725365377049,0.9285714285714275,0.8410256410256409,0.38924731182795697,0.11575091575091617,0.34187082405345215,37.5,PROMOTE
RDH-0142,Almarai Fresh Milk 12pcs,Dairy & Eggs,4411,28624.82,21.2,97.9,47.7,5.2,7.4,5,5632.09088600928,0.08788675984537367,0.8035714285714294,0.6205128205128206,0.9548387096774195,0.30934065934065896,0.9966592427616926,37.3,MAINTAIN
RDH-0180,Tide Laundry Liquid 200g,Pantry Essentials,1826,74504.52,32.0,98.6,12.9,2.6,0.5,644,22896.4668304896,0.3724823241698544,0.9285714285714275,0.26666666666666666,0.20645161290322583,0.12600732600732645,0.2850779510022272,37.3,MAINTAIN
RDH-0182,Olive Oil Extra Virgin 500g,Pantry Essentials,1856,54871.43,32.4,97.6,18.9,4.9,9.0,547,16501.43158938432,0.2670630104819374,0.7499999999999988,0.7025641025641025,0.3354838709677419,0.3153846153846159,0.3930957683741648,37.3,PROMOTE
RDH-0221,Frozen Fish Fillet 400g,Frozen,2863,81492.76,35.0,95.1,24.0,2.4,9.5,288,26473.868402015996,0.4314541991068888,0.3035714285714268,0.7282051282051282,0.4451612903225806,0.36575091575091645,0.6815144766146993,36.6,PROMOTE
RDH-0036,Apples Green 1kg,Fresh & Produce,2345,21740.35,15.6,98.3,40.9,0.9,7.6,3,3303.8346390737997,0.04950649040386817,0.8749999999999993,0.6307692307692309,0.8086021505376344,0.06025641025641053,0.9988864142538976,36.4,MAINTAIN
RDH-0005,Grapes Red 250g,Fresh & Produce,5956,89431.85,17.3,96.6,47.0,4.9,5.2,5,14213.3339847933,0.2293447384110453,0.57142857142857,0.5076923076923077,0.9397849462365592,0.38681318681318744,0.9966592427616926,36.3,MAINTAIN
RDH-0153,Almarai Laban 1kg,Dairy & Eggs,6213,45754.88,19.8,96.7,44.3,6.0,10.5,7,8234.873622835199,0.13079247645992725,0.5892857142857144,0.7794871794871795,0.8817204301075269,0.43608058608058603,0.9944320712694877,35.8,MAINTAIN
RDH-0234,Frozen Shrimp 400g,Frozen,2703,114474.84,21.0,97.9,9.0,2.2,5.3,249,23017.1149437768,0.37447115469556086,0.8035714285714294,0.5128205128205128,0.12258064516129033,0.15549450549450516,0.7249443207126949,35.8,MAINTAIN
RDH-0148,Eggs Medium 30pcs,Dairy & Eggs,5798,50810.89,13.1,97.9,45.9,2.2,4.6,6,6373.084023314581,0.10010170238080843,0.8035714285714294,0.47692307692307695,0.9161290322580645,0.15549450549450516,0.9955456570155902,35.8,MAINTAIN
RDH-0169,Eggs Brown Omega 500g,Dairy & Eggs,1469,16598.07,21.2,97.4,48.5,1.5,6.8,9,3375.8927439875997,0.05069433623727937,0.714285714285715,0.5897435897435898,0.9720430107526883,0.15531135531135504,0.9922048997772829,35.0,MAINTAIN
RDH-0058,Falafel Bowl 350g,Ready Meals,3265,50970.2,27.2,97.7,17.3,4.3,9.7,425,12962.5887611616,0.20872675929090123,0.7678571428571431,0.7384615384615384,0.3010752688172043,0.2774725274725274,0.5289532293986636,35.0,PROMOTE
RDH-0044,Chicken Biryani 400g,Ready Meals,3348,73088.89,20.0,98.2,12.5,2.2,6.3,699,14038.855520088,0.2264685384670126,0.8571428571428575,0.5641025641025641,0.1978494623655914,0.13406593406593392,0.22383073496659245,35.0,MAINTAIN
RDH-0031,Grapes Red 500g,Fresh & Produce,6095,91889.49,14.5,98.1,48.1,3.9,-2.6,6,12561.058505353049,0.20210771148328424,0.8392857142857131,0.1076923076923077,0.9634408602150538,0.22838827838827885,0.9955456570155902,35.0,REPLACE
RDH-0027,Bananas 1kg,Fresh & Produce,5624,29302.7,15.1,97.2,43.3,3.4,9.9,4,4154.5881443304,0.06353078382218554,0.6785714285714287,0.7487179487179488,0.8602150537634409,0.267032967032967,0.9977728285077951,34.9,MAINTAIN
RDH-0064,Veggie Quinoa Bowl 300g,Ready Meals,2813,54443.76,25.5,96.0,20.4,0.9,12.7,703,13207.881955968001,0.21277030858717347,0.46428571428571375,0.8923076923076922,0.3677419354838709,0.22454212454212477,0.21937639198218262,34.8,PROMOTE
RDH-0172,Head & Shoulders Shampoo Family Pack,Pantry Essentials,2077,55176.41,30.8,98.8,23.5,6.3,-0.3,537,15732.60692571568,0.2543892776040739,0.9642857142857137,0.22564102564102567,0.4344086021505376,0.3014652014652016,0.40423162583518935,34.7,REPLACE
RDH-0223,Frozen Pizza 750g,Frozen,2251,42115.16,19.0,97.5,12.1,0.9,14.5,549,7731.61688949,0.12249651288226533,0.7321428571428569,0.9846153846153846,0.189247311827957,0.11739926739926752,0.39086859688195996,34.6,MAINTAIN
RDH-0146,Almarai Laban 500g,Dairy & Eggs,4676,30957.76,21.4,97.9,38.9,5.6,7.2,6,6122.6296244326395,0.09597307292923862,0.8035714285714294,0.6102564102564103,0.7655913978494624,0.32985347985347946,0.9955456570155902,34.4,MAINTAIN
RDH-0087,Sparkling Water 500ml,Beverages,1373,25506.7,15.4,98.0,14.7,1.0,12.0,819,3810.97645236,0.057866497797640845,0.8214285714285713,0.8564102564102564,0.2451612903225806,0.08681318681318688,0.09020044543429839,33.8,MAINTAIN
RDH-0246,Oral-B Electric Toothbrush D100 Medium,Health & Wellness,738,75276.93,35.6,98.2,4.1,5.2,2.3,385,24947.76946190688,0.4062971363510696,0.8571428571428575,0.358974358974359,0.017204301075268814,0.2879120879120877,0.5734966592427617,33.7,MAINTAIN
RDH-0072,Lipton Ice Tea Peach 6pk,Beverages,2997,53729.92,17.6,98.8,15.0,6.0,8.2,353,8782.4090292224,0.13981835428311143,0.9642857142857137,0.6615384615384615,0.25161290322580643,0.2860805860805863,0.6091314031180401,33.4,MAINTAIN
RDH-0010,Carrots 250g,Fresh & Produce,3133,14002.43,20.9,98.1,43.1,5.4,5.9,8,2715.8753925646197,0.03981424354257489,0.8392857142857131,0.5435897435897437,0.8559139784946237,0.3053113553113558,0.9933184855233853,33.3,MAINTAIN
RDH-0062,Pasta Alfredo 400g,Ready Meals,480,10553.7,19.7,97.5,20.0,4.7,14.3,788,1931.8281369074998,0.02688957300143445,0.7321428571428569,0.9743589743589743,0.35913978494623655,0.3122710622710624,0.12472160356347439,33.2,MAINTAIN
RDH-0170,Eggs Brown Omega 200g,Dairy & Eggs,5152,58693.23,21.1,96.0,48.7,1.4,3.9,3,11722.456059436801,0.1882837228776765,0.46428571428571375,0.441025641025641,0.9763440860215055,0.2501831501831504,0.9988864142538976,33.1,MAINTAIN
RDH-0245,Vanish Stain Remover Medium,Health & Wellness,1252,56565.37,40.4,97.5,5.5,3.3,6.0,394,21545.822967980996,0.3502175603875917,0.7321428571428569,0.5487179487179487,0.04731182795698925,0.24047619047619057,0.5634743875278396,33.0,MAINTAIN
RDH-0018,Sweet Corn Fresh 250g,Fresh & Produce,1878,19706.11,22.1,97.9,39.9,3.6,6.0,9,4110.10486036436,0.06279749665651949,0.8035714285714294,0.5487179487179487,0.7870967741935484,0.22728937728937698,0.9922048997772829,33.0,MAINTAIN
RDH-0239,Frozen Shrimp 750g,Frozen,944,40154.24,23.9,98.5,6.6,3.0,9.3,658,9169.323097311999,0.14619646073231937,0.9107142857142856,0.717948717948718,0.07096774193548387,0.15366300366300367,0.26948775055679286,32.9,PROMOTE
RDH-0012,Oranges 250g,Fresh & Produce,2024,15921.77,12.2,98.0,39.1,4.4,7.6,9,1819.8481210671998,0.02504363220962011,0.8214285714285713,0.6307692307692309,0.7698924731182797,0.26117216117216124,0.9922048997772829,32.7,MAINTAIN
RDH-0216,Frozen Beef Burgers 400g,Frozen,3433,98771.76,30.9,98.3,8.3,6.2,-2.8,248,28141.524986067358,0.4589447767080602,0.8749999999999993,0.09743589743589745,0.10752688172043012,0.33205128205128226,0.7260579064587973,32.5,REPLACE
RDH-0164,Labneh Classic 30pcs,Dairy & Eggs,1624,15045.51,14.6,97.6,33.1,5.0,11.0,4,2036.728743312,0.02861881287513019,0.7499999999999988,0.805128205128205,0.6408602150537634,0.320512820512821,0.9977728285077951,31.9,MAINTAIN
RDH-0238,Frozen Mixed Vegetables 1kg,Frozen,1857,17871.61,27.4,98.0,9.8,6.1,12.7,852,4506.152749450799,0.0693261700853503,0.8214285714285713,0.8923076923076922,0.13978494623655915,0.3483516483516484,0.053452115812917644,31.8,PROMOTE
RDH-0240,Frozen Chicken Strips 1kg,Frozen,3893,91033.23,32.9,96.6,15.5,4.8,-2.6,878,27542.916481177435,0.44907698155540376,0.57142857142857,0.1076923076923077,0.26236559139784943,0.3816849816849822,0.024498886414253906,31.8,REPLACE
RDH-0250,Finish Dishwasher Tablets Medium,Health & Wellness,1073,57792.14,35.8,98.4,6.4,6.4,4.0,235,19055.605366586882,0.30916743000126307,0.8928571428571438,0.4461538461538461,0.06666666666666668,0.33516483516483475,0.7405345211581291,31.7,MAINTAIN
RDH-0201,Fairy Dish Liquid 2kg,Pantry Essentials,3119,47989.01,28.2,98.1,16.2,5.7,3.7,685,12519.056489268058,0.20141532691584232,0.8392857142857131,0.4307692307692308,0.27741935483870966,0.32069597069597117,0.2394209354120267,31.6,MAINTAIN
RDH-0206,Heinz Ketchup 200g,Pantry Essentials,993,16914.65,25.5,98.4,8.7,0.7,12.0,360,4214.514410154001,0.06451864168016849,0.8928571428571438,0.8564102564102564,0.11612903225806451,0.04285714285714248,0.6013363028953229,31.6,PROMOTE
RDH-0166,Butter Unsalted 1kg,Dairy & Eggs,1330,14239.16,18.8,98.0,33.0,1.0,6.8,7,2597.188610016,0.03785774468238408,0.8214285714285713,0.5897435897435898,0.6387096774193548,0.08681318681318688,0.9944320712694877,31.5,MAINTAIN
RDH-0188,Head & Shoulders Shampoo 500g,Pantry Essentials,1876,45268.31,32.6,97.7,5.6,1.7,9.1,299,14172.940468002458,0.22867886923957284,0.7678571428571431,0.7076923076923077,0.04946236559139785,0.14413919413919402,0.6692650334075724,31.5,PROMOTE
RDH-0011,Cucumbers 250g,Fresh & Produce,4978,24055.53,20.1,98.8,36.7,4.3,1.2,4,4571.72258919948,0.07040705975121209,0.9642857142857137,0.3025641025641026,0.7182795698924732,0.1989010989010991,0.9977728285077951,31.3,MAINTAIN
RDH-0028,Blueberries 250g,Fresh & Produce,4338,67172.59,13.9,98.7,36.8,2.0,-3.1,8,9031.296957072598,0.14392116115593814,0.9464285714285718,0.08205128205128205,0.7204301075268817,0.08809523809523793,0.9933184855233853,31.1,REPLACE
RDH-0124,Kinder Bueno 100g,Snacks & Confectionery,2281,9304.03,34.7,98.5,15.7,3.7,7.4,859,3062.40830929755,0.04552668465899691,0.9107142857142856,0.6205128205128206,0.26666666666666666,0.1895604395604396,0.04565701559020041,31.1,MAINTAIN
RDH-0056,Chicken Shawarma 400g,Ready Meals,1897,40599.64,27.5,98.4,19.0,0.8,1.9,325,10898.372483328,0.17469907138795943,0.8928571428571438,0.3384615384615384,0.33763440860215055,0.047985347985347614,0.6403118040089086,31.0,MAINTAIN
RDH-0092,Pepsi Regular 6pk,Beverages,2606,39168.26,31.9,98.0,23.6,1.2,-0.6,612,12097.8440639056,0.19447182729083343,0.8214285714285713,0.2102564102564103,0.43655913978494626,0.09706959706959713,0.32071269487750553,31.0,REPLACE
RDH-0191,Gillette Blue3 Razors 500g,Pantry Essentials,776,17558.16,23.7,98.3,23.7,5.4,5.3,763,3869.65282031856,0.0588337516448334,0.8749999999999993,0.5128205128205128,0.4387096774193548,0.29102564102564127,0.1525612472160356,31.0,MAINTAIN
RDH-0009,Mushrooms 250g,Fresh & Produce,1393,12979.44,20.5,96.2,44.0,5.0,10.9,6,2431.6915942799997,0.035129599932821734,0.5,0.8,0.8752688172043012,0.42051282051282046,0.9955456570155902,30.7,MAINTAIN
RDH-0156,Labneh Classic 200g,Dairy & Eggs,1006,9891.97,18.7,96.7,36.1,3.6,12.0,8,1724.35986157732,0.02346955069151153,0.5892857142857144,0.8564102564102564,0.7053763440860216,0.313003663003663,0.9933184855233853,30.7,MAINTAIN
RDH-0176,Head & Shoulders Shampoo 200g,Pantry Essentials,2727,69898.6,17.7,96.5,18.8,1.0,7.6,619,11819.640069269999,0.18988575808652156,0.5535714285714282,0.6307692307692309,0.3333333333333333,0.19395604395604413,0.3129175946547884,30.6,MAINTAIN
RDH-0154,Almarai Fresh Milk 500g,Dairy & Eggs,6975,50356.67,18.9,95.4,36.8,2.5,11.2,8,8852.6194974945,0.14097574264766294,0.3571428571428575,0.8153846153846153,0.7204301075268817,0.3494505494505494,0.9933184855233853,30.6,MAINTAIN
RDH-0032,Mushrooms 500g,Fresh & Produce,3791,33432.99,21.9,98.0,45.4,2.7,-2.3,4,6981.652829327398,0.11013368867063818,0.8214285714285713,0.1230769230769231,0.9053763440860215,0.17399267399267404,0.9977728285077951,30.6,REPLACE
RDH-0022,Bananas 500g,Fresh & Produce,2725,13873.27,22.2,98.8,49.3,2.8,-4.2,2,2957.7061373558404,0.04380071588922643,0.9642857142857137,0.02564102564102564,0.989247311827957,0.12197802197802216,1.0,30.6,REPLACE
RDH-0167,Eggs Brown Omega 500g,Dairy & Eggs,2180,23067.16,21.4,96.6,41.1,5.4,8.0,2,4511.034662312639,0.06940664624912049,0.57142857142857,0.6512820512820513,0.8129032258064517,0.41245421245421304,1.0,30.0,MAINTAIN
RDH-0081,Powerade Sports Drink 1L,Beverages,3071,18352.34,22.6,97.6,8.7,3.6,13.6,595,3902.35466091776,0.05937282695283804,0.7499999999999988,0.9384615384615385,0.11612903225806451,0.24871794871794922,0.3396436525612472,29.9,PROMOTE
RDH-0129,Pringles Sour Cream 40g,Snacks & Confectionery,3079,49857.19,31.6,98.1,8.5,2.0,1.9,591,15146.4188818152,0.2447262282305773,0.8392857142857131,0.3384615384615384,0.11182795698924732,0.13095238095238143,0.344097995545657,29.9,MAINTAIN
RDH-0150,Eggs White Large 1kg,Dairy & Eggs,6488,56061.31,22.1,96.5,30.9,1.4,5.0,9,11788.5324632699,0.18937296302732845,0.5535714285714282,0.4974358974358974,0.5935483870967742,0.21446886446886462,0.9922048997772829,29.7,MAINTAIN
RDH-0076,Almarai Mango Juice 330ml,Beverages,3706,35390.69,19.9,98.7,16.5,3.3,1.9,728,6721.802272335989,0.10585016772873908,0.9464285714285718,0.3384615384615384,0.2838709677419355,0.15476190476190457,0.19153674832962142,29.5,MAINTAIN
RDH-0161,Cheddar Cheese 30pcs,Dairy & Eggs,4359,54766.93,15.8,95.2,34.6,1.2,11.6,4,8138.968672365441,0.12921152597621294,0.32142857142857123,0.8358974358974359,0.6731182795698925,0.2970695970695972,0.9977728285077951,29.3,MAINTAIN
RDH-0101,Snickers Chocolate Bar 100g,Snacks & Confectionery,2799,6516.19,22.0,97.9,9.7,4.7,12.8,716,1337.4945230966,0.017092247528248197,0.8035714285714294,0.8974358974358975,0.13763440860215054,0.28369963369963336,0.2048997772828508,29.2,PROMOTE
RDH-0099,Pepsi Regular 1L,Beverages,1117,19301.14,18.2,98.7,12.9,2.6,8.6,148,3376.99531720824,0.050712511666784976,0.9464285714285718,0.6820512820512821,0.20645161290322583,0.1188644688644687,0.8374164810690423,29.2,MAINTAIN
RDH-0165,Almarai Fresh Milk 12pcs,Dairy & Eggs,6794,48984.25,22.5,95.6,39.3,1.3,5.9,3,10399.537516725,0.1664759986697965,0.39285714285714124,0.5435897435897437,0.7741935483870968,0.2736263736263743,0.9988864142538976,29.2,MAINTAIN
RDH-0049,Arabic Mixed Grill 350g,Ready Meals,2030,57055.39,27.7,94.8,12.5,0.8,13.8,528,14862.65705490048,0.24004854063131253,0.24999999999999872,0.9487179487179487,0.1978494623655914,0.30512820512820565,0.4142538975501113,29.0,PROMOTE
RDH-0127,Galaxy Chocolate 40g,Snacks & Confectionery,492,1390.42,29.7,99.0,6.0,2.8,9.6,663,397.37808720720005,0.0015948459156400084,1.0,0.7333333333333334,0.05806451612903226,0.10769230769230766,0.2639198218262806,29.0,PROMOTE
RDH-0199,Sunflower Oil Cooking Oil 2kg,Pantry Essentials,3366,61262.97,23.8,95.2,19.6,6.2,11.8,571,13020.114131895361,0.20967503946040159,0.32142857142857123,0.8461538461538461,0.35053763440860214,0.5534798534798535,0.36636971046770606,28.5,PROMOTE
RDH-0029,Strawberries 500g,Fresh & Produce,6071,85325.01,16.6,95.3,41.5,4.7,4.7,2,12863.828373176939,0.2070987381888477,0.3392857142857131,0.48205128205128206,0.821505376344086,0.46941391941391986,1.0,28.4,MAINTAIN
RDH-0157,Eggs Brown Omega 200g,Dairy & Eggs,1581,16509.11,17.9,96.6,31.4,1.3,9.7,6,2817.54571533498,0.04149023362625548,0.57142857142857,0.7384615384615384,0.6043010752688172,0.2021978021978028,0.9955456570155902,28.2,MAINTAIN
RDH-0190,Olive Oil Extra Virgin 1kg,Pantry Essentials,3896,112310.58,24.8,94.2,22.7,4.4,2.8,819,25083.09632515968,0.4085279395460155,0.1428571428571425,0.38461538461538464,0.4172043010752688,0.5326007326007327,0.09020044543429839,28.2,RATIONALIZE
RDH-0137,Labneh Classic 200g,Dairy & Eggs,1963,19569.24,14.6,96.3,31.8,4.1,11.9,5,2638.58876929368,0.03854020790785165,0.5178571428571419,0.8512820512820514,0.6129032258064516,0.3672161172161176,0.9966592427616926,28.1,MAINTAIN
RDH-0213,Sunflower Oil Cooking Oil 200g,Pantry Essentials,794,15366.8,28.1,97.2,15.0,3.9,9.6,756,4033.4753897135997,0.061534293890669625,0.6785714285714287,0.7333333333333334,0.25161290322580643,0.29267399267399263,0.16035634743875282,28.0,PROMOTE
RDH-0197,Heinz Ketchup 1kg,Pantry Essentials,3814,66180.62,28.0,95.5,22.1,6.4,6.7,400,16564.109129567998,0.26809622187494736,0.3749999999999994,0.5846153846153846,0.4043010752688172,0.5423076923076926,0.5567928730512249,27.8,MAINTAIN
RDH-0173,Basmati Rice Premium Family Pack,Pantry Essentials,2091,59857.51,31.5,95.6,16.5,4.7,5.7,714,17178.292505014197,0.2782207618465013,0.39285714285714124,0.5333333333333333,0.2838709677419355,0.4479853479853486,0.20712694877505566,27.8,MAINTAIN
RDH-0227,Frozen Chicken Strips 1kg,Frozen,708,16253.69,18.4,98.3,8.9,3.4,10.5,191,2839.88294547888,0.04185845293743664,0.8749999999999993,0.7794871794871795,0.12043010752688173,0.1884615384615387,0.7895322939866369,27.5,MAINTAIN
RDH-0008,Grapes Red 250g,Fresh & Produce,1829,29603.03,18.8,96.4,33.4,3.3,7.5,4,5187.97079397232,0.0805656375165061,0.5357142857142863,0.6256410256410256,0.6473118279569892,0.3190476190476188,0.9977728285077951,27.3,MAINTAIN
RDH-0253,Strepsils Lozenges Medium,Health & Wellness,593,13452.75,39.8,98.5,3.4,5.3,10.4,228,4994.365858627499,0.07737414620470574,0.9107142857142856,0.7743589743589744,0.002150537634408604,0.2716117216117216,0.7483296213808464,27.3,PROMOTE
RDH-0021,Potatoes 1kg,Fresh & Produce,5574,42996.28,17.9,95.9,44.3,3.8,3.6,2,7100.31461307896,0.11208977543677016,0.4464285714285719,0.4256410256410257,0.8817204301075269,0.3804029304029302,1.0,27.2,MAINTAIN
RDH-0185,Heinz Mayonnaise 200g,Pantry Essentials,588,9333.11,22.4,98.3,22.6,4.2,2.1,759,1968.7629585209595,0.027498427120118494,0.8749999999999993,0.34871794871794876,0.41505376344086026,0.22948717948717975,0.15701559020044542,27.1,MAINTAIN
RDH-0107,Pringles Sour Cream 40g,Snacks & Confectionery,2388,40893.04,21.1,95.8,13.2,6.3,14.4,546,7745.27696839024,0.12272169321173873,0.4285714285714275,0.9794871794871796,0.21290322580645157,0.5157509157509161,0.39420935412026725,27.0,MAINTAIN
RDH-0016,Tomatoes 250g,Fresh & Produce,3878,24421.03,12.9,96.4,44.2,6.4,5.6,5,2842.5399038524797,0.041902251715345146,0.5357142857142863,0.5282051282051282,0.8795698924731185,0.47802197802197777,0.9966592427616926,27.0,MAINTAIN
RDH-0040,Zucchini 1kg,Fresh & Produce,5004,31659.04,20.4,98.3,36.0,2.0,-3.8,4,6221.6775970944,0.09760583473687766,0.8749999999999993,0.04615384615384617,0.7032258064516129,0.11666666666666693,0.9977728285077951,27.0,REPLACE
RDH-0097,Coca Cola Regular 6pk,Beverages,2453,44418.5,25.4,97.4,14.9,4.3,4.9,298,10516.433979282003,0.16840298490062997,0.714285714285715,0.4923076923076924,0.24946236559139787,0.2989010989010986,0.6703786191536749,27.0,MAINTAIN
RDH-0149,Labneh Classic 30pcs,Dairy & Eggs,5889,58522.34,16.5,95.6,44.6,4.3,3.4,8,8834.367413401198,0.14067486515349023,0.39285714285714124,0.41538461538461535,0.8881720430107528,0.4274725274725281,0.9933184855233853,27.0,MAINTAIN
RDH-0034,Mushrooms 1kg,Fresh & Produce,2703,23551.11,20.1,96.0,43.3,3.7,5.4,9,4376.278564732799,0.06718525187261766,0.46428571428571375,0.517948717948718,0.8602150537634409,0.3681318681318684,0.9922048997772829,26.9,MAINTAIN
RDH-0098,Almarai Orange Juice 500ml,Beverages,3654,35042.36,21.7,99.0,14.0,4.6,-1.6,749,7181.8552896552,0.11343393724952508,1.0,0.158974358974359,0.23010752688172043,0.19999999999999996,0.16815144766146994,26.9,REPLACE
RDH-0112,Pringles Sour Cream 100g,Snacks & Confectionery,3970,62664.19,30.1,95.6,5.9,5.1,11.0,347,17112.36482810036,0.27713397339401197,0.39285714285714124,0.805128205128205,0.055913978494623665,0.4684981684981691,0.6158129175946547,26.7,PROMOTE
RDH-0035,Strawberries 1kg,Fresh & Produce,1184,15535.06,18.5,96.8,35.0,2.7,5.9,2,2706.9040440904,0.03966635485027678,0.6071428571428562,0.5435897435897437,0.6817204301075269,0.25970695970696006,1.0,26.6,MAINTAIN
RDH-0207,Basmati Rice Premium 500g,Pantry Essentials,658,19867.28,26.4,96.9,10.4,5.8,11.6,674,4787.59075065216,0.07396555045055041,0.6250000000000007,0.8358974358974359,0.15268817204301077,0.41153846153846124,0.25167037861915365,26.6,PROMOTE
RDH-0007,Onions 500g,Fresh & Produce,6463,45021.24,15.5,95.3,35.8,5.3,10.4,2,6297.845905870199,0.09886143545418134,0.3392857142857131,0.7743589743589744,0.6989247311827957,0.5001831501831506,1.0,26.6,MAINTAIN
RDH-0143,Almarai Laban 12pcs,Dairy & Eggs,3154,23054.01,15.7,97.0,31.9,3.2,5.9,3,3398.5465370471998,0.051067773947430034,0.6428571428571425,0.5435897435897437,0.6150537634408602,0.2710622710622712,0.9988864142538976,26.5,MAINTAIN
RDH-0055,Arabic Mixed Grill 400g,Ready Meals,1139,32421.14,17.8,97.5,24.5,6.5,2.0,813,5260.954071945001,0.08176873441660147,0.7321428571428569,0.3435897435897436,0.4559139784946236,0.40457875457875464,0.0968819599109132,26.4,MAINTAIN
RDH-0039,Garlic 250g,Fresh & Produce,5841,38999.66,15.5,95.1,41.7,6.4,9.6,9,5380.8252098328,0.0837447568481741,0.3035714285714268,0.7333333333333334,0.8258064516129033,0.5708791208791215,0.9922048997772829,26.4,MAINTAIN
RDH-0152,Butter Unsalted 30pcs,Dairy & Eggs,1004,11592.14,16.6,98.8,31.7,4.3,-0.6,7,1819.45193814384,0.025037101310211293,0.9642857142857137,0.2102564102564103,0.610752688172043,0.1989010989010991,0.9944320712694877,26.3,REPLACE
RDH-0102,Twix Chocolate Bar 100g,Snacks & Confectionery,3606,7888.56,26.5,98.3,8.8,3.0,8.6,355,1993.282524084,0.027902621260749196,0.8749999999999993,0.6820512820512821,0.11827956989247314,0.16794871794871818,0.6069042316258352,26.2,PROMOTE
RDH-0248,Vicks VapoRub Large,Health & Wellness,902,19928.74,31.2,98.5,5.5,3.5,7.5,103,5910.142863612,0.09247032311646217,0.9107142857142856,0.6256410256410256,0.04731182795698925,0.17930402930402933,0.8875278396436526,26.2,MAINTAIN
RDH-0203,Tide Laundry Liquid 2kg,Pantry Essentials,1892,82863.88,24.8,97.8,6.4,4.4,-1.0,243,19213.81888664832,0.3117755095617666,0.785714285714285,0.18974358974358976,0.06666666666666668,0.2754578754578757,0.7316258351893096,26.1,REPLACE
RDH-0068,Chicken Biryani 400g,Ready Meals,3782,82370.2,32.2,95.3,24.0,3.2,-2.4,325,24467.7621518176,0.3983844291826179,0.3392857142857131,0.11794871794871796,0.4451612903225806,0.392490842490843,0.6403118040089086,26.1,REPLACE
RDH-0125,KitKat Chocolate Bar 40g,Snacks & Confectionery,408,1070.61,33.8,98.4,14.3,2.6,5.6,545,346.81833677087997,0.0007613909008857779,0.8928571428571438,0.5282051282051282,0.23655913978494625,0.1402930402930399,0.3953229398663697,25.9,MAINTAIN
RDH-0030,Garlic 250g,Fresh & Produce,3130,20346.65,21.9,97.1,47.2,2.8,-2.6,9,4205.547322126199,0.06437082321943603,0.6607142857142844,0.1076923076923077,0.9440860215053765,0.24340659340659393,0.9922048997772829,25.9,REPLACE
RDH-0147,Halloumi Cheese 12pcs,Dairy & Eggs,4363,63995.4,14.0,95.1,48.4,6.3,3.7,4,7983.565659972001,0.1266497763854914,0.3035714285714268,0.4307692307692308,0.9698924731182796,0.5657509157509164,0.9977728285077951,25.6,MAINTAIN
RDH-0067,Butter Chicken 300g,Ready Meals,2838,69308.71,18.8,95.9,21.7,1.4,2.0,760,12320.86466011352,0.19814822269822535,0.4464285714285719,0.3435897435897436,0.3956989247311828,0.2573260073260072,0.155902004454343,25.6,MAINTAIN
RDH-0051,Chicken Biryani 300g,Ready Meals,865,19389.89,28.5,98.0,19.2,5.9,0.7,838,5096.076096657,0.079050794273693,0.8214285714285713,0.27692307692307694,0.3419354838709677,0.33809523809523817,0.06904231625835189,25.5,MAINTAIN
RDH-0069,Veggie Quinoa Bowl 350g,Ready Meals,2882,48192.62,17.5,97.0,5.8,3.6,11.2,165,7886.1921441800005,0.12504461725514107,0.6428571428571425,0.8153846153846153,0.053763440860215055,0.29157509157509176,0.8184855233853007,25.5,MAINTAIN
RDH-0183,Tide Laundry Liquid 200g,Pantry Essentials,2068,85517.94,25.5,94.5,25.0,0.8,2.4,283,20442.824106768003,0.3320351143863198,0.19642857142857062,0.3641025641025641,0.4666666666666667,0.3265567765567769,0.6870824053452116,25.4,RATIONALIZE
RDH-0074,Oasis Water 330ml,Beverages,2852,34981.86,17.7,97.0,13.9,4.8,10.0,144,5717.745837316799,0.08929874364849184,0.6428571428571425,0.7538461538461538,0.22795698924731186,0.3531135531135532,0.8418708240534521,25.4,MAINTAIN
RDH-0046,Chicken Shawarma 400g,Ready Meals,2509,47280.73,30.6,97.3,17.4,5.4,0.8,219,13317.09740934804,0.21457067679553513,0.6964285714285706,0.28205128205128205,0.30322580645161284,0.3624542124542128,0.7583518930957683,25.3,MAINTAIN
RDH-0025,Onions 500g,Fresh & Produce,4852,32610.15,15.9,95.2,42.3,2.6,6.6,6,4807.7937223848,0.0742985874603892,0.32142857142857123,0.5794871794871795,0.8387096774193549,0.36886446886446894,0.9955456570155902,25.3,MAINTAIN
RDH-0145,Butter Unsalted 12pcs,Dairy & Eggs,1909,22149.95,19.1,97.3,32.3,0.9,1.3,6,4079.36543942935,0.062290770964485195,0.6964285714285706,0.3076923076923077,0.6236559139784945,0.13168498168498202,0.9955456570155902,25.2,MAINTAIN
RDH-0002,Grapes Green 500g,Fresh & Produce,1588,25181.19,21.1,95.4,47.8,4.9,3.8,7,4820.450159326861,0.07450722319824883,0.3571428571428575,0.4358974358974359,0.956989247311828,0.4725274725274724,0.9944320712694877,24.9,MAINTAIN
RDH-0123,Pringles Sour Cream 300g,Snacks & Confectionery,1761,26425.8,15.3,98.8,16.4,0.8,-2.8,700,3962.6725941504,0.06036714127398313,0.9642857142857137,0.09743589743589745,0.28172043010752684,0.019413919413919633,0.22271714922049002,24.8,REPLACE
RDH-0015,Zucchini 500g,Fresh & Produce,3567,20248.76,15.5,95.9,46.9,2.5,2.4,3,2934.630006945,0.043420316135547636,0.4464285714285719,0.3641025641025641,0.9376344086021505,0.31373626373626357,0.9988864142538976,24.7,MAINTAIN
RDH-0247,Nurofen Pain Relief Medium,Health & Wellness,1659,37286.41,43.7,97.2,3.6,6.2,5.2,211,14855.973328491122,0.23993836237202423,0.6785714285714287,0.5076923076923077,0.0064516129032258125,0.4106227106227105,0.767260579064588,24.5,MAINTAIN
RDH-0120,Doritos Nacho Chips 40g,Snacks & Confectionery,2898,25568.03,17.6,97.8,9.2,5.7,7.5,414,4150.11835737312,0.0634571013707834,0.785714285714285,0.6256410256410256,0.1268817204301075,0.34212454212454235,0.5412026726057906,24.5,MAINTAIN
RDH-0236,Frozen Mixed Vegetables 400g,Frozen,1773,16396.37,34.0,96.6,18.4,3.3,7.6,328,5207.5113786276,0.0808877553697713,0.57142857142857,0.6307692307692309,0.3247311827956989,0.30476190476190534,0.6369710467706013,24.4,MAINTAIN
RDH-0095,Red Bull Energy Drink 500ml,Beverages,3633,53844.63,24.1,95.4,11.5,4.9,10.6,395,11773.03218299082,0.189117447795999,0.3571428571428575,0.7846153846153846,0.17634408602150536,0.4725274725274724,0.5623608017817372,24.3,PROMOTE
RDH-0171,Pantene Shampoo 200g,Pantry Essentials,1374,32500.34,29.1,98.1,9.6,6.5,2.8,315,8674.840763730901,0.13804513923500272,0.8392857142857131,0.38461538461538464,0.13548387096774192,0.36172161172161216,0.6514476614699332,24.2,MAINTAIN
RDH-0006,Avocados 250g,Fresh & Produce,6151,70224.0,22.9,96.4,34.8,5.3,-3.9,7,14680.743768768,0.23704978096044554,0.5357142857142863,0.04102564102564104,0.6774193548387096,0.42161172161172134,0.9944320712694877,24.1,REPLACE
RDH-0014,Carrots 500g,Fresh & Produce,1141,5430.52,20.4,96.3,38.8,2.6,4.7,4,1039.09876564896,0.012173326088171881,0.5178571428571419,0.48205128205128206,0.7634408602150538,0.2902930402930407,0.9977728285077951,24.0,MAINTAIN
RDH-0168,Labneh Classic 200g,Dairy & Eggs,3444,32933.47,19.3,95.5,40.5,0.9,2.7,6,6015.50133034255,0.09420711061413767,0.3749999999999994,0.3794871794871795,0.8,0.26025641025641055,0.9955456570155902,23.8,MAINTAIN
RDH-0196,Gillette Blue3 Razors 1kg,Pantry Essentials,2168,47530.67,21.0,95.4,19.6,10.2,10.6,474,8551.0203961644,0.1360040155074046,0.3571428571428575,0.7846153846153846,0.35053763440860214,0.7443223443223441,0.47438752783964366,23.7,RATIONALIZE
RDH-0208,Fairy Dish Liquid 1kg,Pantry Essentials,1011,15876.35,33.0,96.0,16.7,1.5,6.9,801,4954.183264800001,0.07671175400453968,0.46428571428571375,0.594871794871795,0.28817204301075267,0.2553113553113555,0.11024498886414258,23.6,MAINTAIN
RDH-0132,Pringles Sour Cream 200g,Snacks & Confectionery,891,14064.83,21.2,97.0,22.1,2.0,3.4,570,2834.4458083759996,0.041768824148821285,0.6428571428571425,0.41538461538461535,0.4043010752688172,0.20952380952380967,0.3674832962138085,23.6,MAINTAIN
RDH-0144,Halloumi Cheese 12pcs,Dairy & Eggs,2974,43343.92,15.7,95.9,37.2,4.2,2.9,3,6251.89902062768,0.09810402147196744,0.4464285714285719,0.38974358974358975,0.7290322580645162,0.40091575091575077,0.9988864142538976,23.5,MAINTAIN
RDH-0215,Basmati Rice Premium 1kg,Pantry Essentials,3728,117326.79,27.5,94.7,5.9,3.7,1.4,168,29424.300602177253,0.480090762612358,0.23214285714285687,0.3128205128205128,0.055913978494623665,0.4609890109890111,0.8151447661469933,23.3,RATIONALIZE
RDH-0131,Lays Classic Chips 300g,Snacks & Confectionery,1254,9588.5,27.4,95.5,14.7,3.2,12.2,818,2428.7340655599996,0.03508084638634076,0.3749999999999994,0.8666666666666666,0.2451612903225806,0.37820512820512847,0.09131403118040093,23.3,PROMOTE
RDH-0024,Tomatoes 500g,Fresh & Produce,4581,30505.26,14.7,95.2,49.6,5.2,2.7,5,4047.0386439571193,0.06175787810871053,0.32142857142857123,0.3794871794871795,0.9956989247311829,0.5021978021978022,0.9966592427616926,23.3,MAINTAIN
RDH-0113,Kinder Bueno 300g,Snacks & Confectionery,3860,15351.29,31.0,95.4,17.6,9.3,13.6,591,4117.7713876722,0.0629238759518152,0.3571428571428575,0.9384615384615385,0.30752688172043013,0.6981684981684981,0.344097995545657,23.3,PROMOTE
RDH-0052,Beef Kofta 350g,Ready Meals,1653,41050.24,32.4,98.7,6.4,4.5,-2.7,174,12536.642312409598,0.20170522139434371,0.9464285714285718,0.10256410256410256,0.06666666666666668,0.21630036630036611,0.8084632516703786,23.3,REPLACE
RDH-0071,Almarai Orange Juice 330ml,Beverages,2168,20494.45,30.5,96.1,11.5,6.0,9.9,707,5646.604221214999,0.08812600572581468,0.4821428571428556,0.7487179487179488,0.17634408602150536,0.4789377289377295,0.21492204899777279,23.3,PROMOTE
RDH-0220,Frozen Fish Fillet 400g,Frozen,1736,45950.77,31.6,96.3,8.5,3.9,6.1,167,13437.842627390757,0.21656110804997825,0.5178571428571419,0.5538461538461539,0.11182795698924732,0.35695970695970736,0.8162583518930957,23.2,MAINTAIN
RDH-0077,Coca Cola Zero 500ml,Beverages,2934,49108.65,32.7,94.9,12.9,4.0,6.1,787,14629.961850192001,0.23621266360265095,0.2678571428571431,0.5538461538461539,0.20645161290322583,0.46208791208791195,0.12583518930957682,23.2,RATIONALIZE
RDH-0235,Frozen Fries 1kg,Frozen,415,4978.75,15.8,96.3,21.2,5.9,10.7,365,712.8420605775,0.006795129309264055,0.5178571428571419,0.7897435897435897,0.38494623655913973,0.4595238095238099,0.5957683741648108,23.2,MAINTAIN
RDH-0057,Chicken Biryani 400g,Ready Meals,2124,43312.67,31.5,95.9,12.7,4.4,2.9,892,12508.407168604199,0.20123977759776968,0.4464285714285719,0.38974358974358975,0.20215053763440857,0.41117216117216104,0.008908685968819552,23.1,MAINTAIN
RDH-0004,Blueberries 250g,Fresh & Produce,3995,63747.22,15.8,95.3,32.2,9.2,7.1,9,8715.59590508624,0.13871696962669755,0.3392857142857131,0.6051282051282052,0.6215053763440861,0.7001831501831506,0.9922048997772829,23.1,RATIONALIZE
RDH-0013,Cucumbers 250g,Fresh & Produce,4857,24344.72,20.7,95.0,44.7,7.6,6.0,6,4423.547609712,0.0679644610704593,0.285714285714285,0.5487179487179487,0.8903225806451615,0.6395604395604397,0.9955456570155902,23.1,RATIONALIZE
RDH-0228,Frozen Chicken Strips 1kg,Frozen,592,14881.24,33.9,97.3,23.8,5.0,2.2,202,4663.105751765999,0.07191347057104187,0.6964285714285706,0.35384615384615387,0.44086021505376344,0.3419413919413922,0.77728285077951,23.0,MAINTAIN
RDH-0233,Frozen Mixed Vegetables 750g,Frozen,3655,37211.42,30.8,97.0,14.8,2.2,-1.7,752,10872.703594737599,0.1742759311680372,0.6428571428571425,0.15384615384615385,0.24731182795698925,0.21978021978021994,0.16481069042316254,23.0,REPLACE
RDH-0108,Doritos Nacho Chips 300g,Snacks & Confectionery,1530,13977.49,17.4,96.2,23.5,2.6,4.6,825,2278.83282962088,0.032609791135214214,0.5,0.47692307692307695,0.4344086021505376,0.29743589743589743,0.0835189309576837,22.8,MAINTAIN
RDH-0059,Veggie Quinoa Bowl 350g,Ready Meals,2890,56156.43,27.8,95.1,16.9,1.8,3.0,644,14579.28720683028,0.23537731462908543,0.3035714285714268,0.39487179487179486,0.29247311827956984,0.3349816849816857,0.2850779510022272,22.7,MAINTAIN
RDH-0133,Oreo Cookies 200g,Snacks & Confectionery,3176,25471.56,22.5,96.0,21.0,2.1,6.7,268,5386.31796384,0.08383530245673833,0.46428571428571375,0.5846153846153846,0.38064516129032255,0.2860805860805863,0.7037861915367483,22.6,MAINTAIN
RDH-0115,Pringles Sour Cream 100g,Snacks & Confectionery,627,10370.57,19.2,97.9,13.9,5.0,2.2,777,1851.868536672,0.02557147452945015,0.8035714285714294,0.35384615384615387,0.22795698924731186,0.29908424908424874,0.13697104677060135,22.5,MAINTAIN
RDH-0075,Coca Cola Zero 500ml,Beverages,3840,66578.65,26.2,97.7,9.6,4.8,-4.5,385,16224.3679940552,0.2624957402533445,0.7678571428571431,0.010256410256410265,0.13548387096774192,0.3031135531135529,0.5734966592427617,22.5,REPLACE
RDH-0026,Apples Red 1kg,Fresh & Produce,2259,21669.7,21.7,95.3,41.0,7.6,5.6,7,4140.735641842801,0.06330243147539684,0.3392857142857131,0.5282051282051282,0.810752688172043,0.6181318681318686,0.9944320712694877,22.4,RATIONALIZE
RDH-0126,Haribo Starmix 300g,Snacks & Confectionery,2776,26373.21,17.5,97.6,22.8,4.4,0.8,186,4306.344320208,0.06603241693377328,0.7499999999999988,0.28205128205128205,0.41935483870967744,0.2897435897435902,0.7951002227171492,22.4,MAINTAIN
RDH-0086,Lipton Ice Tea Peach 500ml,Beverages,1924,37074.52,27.3,96.4,16.9,1.1,-0.8,879,9649.64884608816,0.1541144172209948,0.5357142857142863,0.2,0.29247311827956984,0.20622710622710602,0.023385300668151476,22.4,REPLACE
RDH-0187,Pampers Baby Dry Family Pack,Pantry Essentials,616,22297.14,31.1,95.2,21.3,9.2,9.6,694,5994.21542134464,0.0938562218647904,0.32142857142857123,0.7333333333333334,0.3870967741935484,0.7073260073260074,0.2293986636971047,22.3,PROMOTE
RDH-0241,Harpic Toilet Cleaner Large,Health & Wellness,1980,35753.48,39.8,97.3,7.6,3.9,1.1,120,13305.696696307117,0.21438274110808153,0.6964285714285706,0.2974358974358975,0.09247311827956989,0.28553113553113585,0.8685968819599109,22.2,MAINTAIN
RDH-0174,Fairy Dish Liquid 1kg,Pantry Essentials,2321,35635.43,28.5,94.4,12.6,1.5,11.6,580,9443.545745892,0.1507168992164066,0.17857142857142874,0.8358974358974359,0.2,0.3695970695970695,0.35634743875278396,22.2,PROMOTE
RDH-0085,Pepsi Regular 500ml,Beverages,2092,31775.12,33.6,95.8,20.2,1.6,1.9,511,10064.381349335039,0.16095109820991793,0.4285714285714275,0.3384615384615384,0.36344086021505373,0.2747252747252752,0.433184855233853,22.0,MAINTAIN
RDH-0001,Strawberries 1kg,Fresh & Produce,2845,36725.05,12.8,97.7,33.9,6.1,-3.2,2,4312.533893779201,0.06613444930314989,0.7678571428571431,0.07692307692307693,0.6580645161290322,0.36978021978021963,1.0,22.0,REPLACE
RDH-0037,Sweet Corn Fresh 1kg,Fresh & Produce,5975,62741.39,17.4,95.2,46.8,9.9,-0.3,7,9364.08017941872,0.1494069446714201,0.32142857142857123,0.22564102564102567,0.9354838709677419,0.7432234432234432,0.9944320712694877,21.9,RATIONALIZE
RDH-0237,Frozen Beef Burgers 400g,Frozen,1433,44091.1,29.2,96.6,20.9,1.6,-3.9,486,12237.874923052797,0.19678017376741602,0.57142857142857,0.04102564102564104,0.3784946236559139,0.2175824175824182,0.4610244988864143,21.7,REPLACE
RDH-0151,Eggs White Large 30pcs,Dairy & Eggs,5053,44717.58,20.2,95.0,42.9,2.5,-0.1,6,8366.771011949999,0.13296674629793165,0.285714285714285,0.23589743589743592,0.8516129032258065,0.37802197802197834,0.9955456570155902,21.6,REPLACE
RDH-0178,Pantene Shampoo 200g,Pantry Essentials,2715,68421.63,16.7,94.6,22.9,3.1,4.0,822,10474.29498618954,0.16770834232809903,0.21428571428571247,0.4461538461538461,0.42150537634408597,0.43736263736263814,0.0868596881959911,21.5,RATIONALIZE
RDH-0158,Labneh Classic 12pcs,Dairy & Eggs,5543,50393.5,16.1,95.3,34.1,2.1,2.3,4,7569.6533419045,0.11982661578472052,0.3392857142857131,0.358974358974359,0.6623655913978495,0.33608058608058655,0.9977728285077951,21.2,MAINTAIN
RDH-0256,Crest Whitening Toothpaste Large,Health & Wellness,1900,34313.22,43.0,98.6,3.9,4.9,-4.4,111,13835.2611838356,0.22311237632102174,0.9285714285714275,0.015384615384615375,0.012903225806451615,0.24395604395604437,0.878619153674833,21.1,REPLACE
RDH-0210,Heinz BBQ Sauce 500g,Pantry Essentials,721,12836.19,34.8,94.9,13.3,3.5,12.5,617,4090.8062101842,0.06247936698554929,0.2678571428571431,0.882051282051282,0.21505376344086022,0.43644688644688634,0.31514476614699327,21.0,PROMOTE
RDH-0209,Heinz BBQ Sauce Family Pack,Pantry Essentials,1368,24274.99,22.9,95.3,16.6,3.9,10.2,330,5091.090653917429,0.07896861146590207,0.3392857142857131,0.764102564102564,0.2860215053763441,0.42838827838827886,0.6347438752783965,21.0,PROMOTE
RDH-0202,Sunflower Oil Cooking Oil Family Pack,Pantry Essentials,3513,67419.28,19.7,95.1,5.1,5.6,9.5,618,11923.475058551037,0.1915974317355486,0.3035714285714268,0.7282051282051282,0.038709677419354833,0.5298534798534805,0.31403118040089084,21.0,MAINTAIN
RDH-0242,Strepsils Lozenges Medium,Health & Wellness,1263,28268.65,44.4,97.6,3.3,2.9,0.4,144,11894.7984194976,0.1911247100860324,0.7499999999999988,0.26153846153846155,0.0,0.21282051282051329,0.8418708240534521,20.7,MAINTAIN
RDH-0094,Red Bull Energy Drink 1L,Beverages,3368,53306.92,33.7,95.2,23.9,4.0,-4.0,722,16418.053729996802,0.2656885635270711,0.32142857142857123,0.03589743589743591,0.44301075268817197,0.4406593406593407,0.1982182628062361,20.6,REPLACE
RDH-0224,Frozen Shrimp 750g,Frozen,2750,116732.39,20.7,94.9,24.5,11.3,-1.8,438,20340.028408338992,0.3303405729850775,0.2678571428571431,0.14871794871794874,0.4559139784946236,0.8364468864468864,0.5144766146993318,20.6,RATIONALIZE
RDH-0140,Greek Yogurt Plain 12pcs,Dairy & Eggs,2316,23354.27,14.5,95.9,43.6,1.6,-1.8,2,3195.5675666124002,0.04772175583344412,0.4464285714285719,0.14871794871794874,0.8666666666666668,0.2675824175824174,1.0,20.6,REPLACE
RDH-0083,Red Bull Energy Drink 500ml,Beverages,1476,21022.36,19.2,95.8,16.8,1.6,8.2,198,3804.90050801664,0.05776633855558289,0.4285714285714275,0.6615384615384615,0.2903225806451613,0.2747252747252752,0.7817371937639198,20.5,MAINTAIN
RDH-0121,Lays Classic Chips 100g,Snacks & Confectionery,952,8128.32,28.3,95.8,23.7,5.5,5.8,605,2082.4977743136,0.029373295009229545,0.4285714285714275,0.5384615384615384,0.4387096774193548,0.47472527472527515,0.32850779510022277,20.4,MAINTAIN
RDH-0186,Tide Laundry Liquid Family Pack,Pantry Essentials,3511,154856.49,17.3,94.1,5.6,6.0,6.4,131,23696.9794219758,0.38567841845414885,0.1249999999999981,0.5692307692307693,0.04946236559139785,0.6217948717948725,0.856347438752784,20.4,RATIONALIZE
RDH-0043,Pasta Alfredo 350g,Ready Meals,2776,59516.97,28.3,95.3,16.4,5.3,2.8,139,15200.928925552409,0.24562480207469606,0.3392857142857131,0.38461538461538464,0.28172043010752684,0.5001831501831506,0.8474387527839644,20.2,MAINTAIN
RDH-0045,Veggie Quinoa Bowl 300g,Ready Meals,1424,25493.06,26.7,96.0,7.3,1.3,6.4,619,6449.434184390399,0.10136030085245401,0.46428571428571375,0.5692307692307693,0.08602150537634409,0.2450549450549453,0.3129175946547884,20.2,MAINTAIN
RDH-0192,Tide Laundry Liquid 200g,Pantry Essentials,635,27847.58,31.2,97.5,11.9,1.9,-2.5,455,8310.280393116002,0.13203552355360532,0.7321428571428569,0.11282051282051284,0.1849462365591398,0.1686813186813188,0.49554565701559017,20.2,REPLACE
RDH-0050,Chicken Caesar Salad 300g,Ready Meals,2055,41648.58,23.6,97.1,13.8,6.4,-0.5,403,8933.20459057728,0.14230415209123548,0.6607142857142844,0.2153846153846154,0.22580645161290322,0.4280219780219785,0.5534521158129175,19.9,REPLACE
RDH-0204,Head & Shoulders Shampoo Family Pack,Pantry Essentials,979,23954.55,31.6,97.7,17.9,4.8,-2.8,198,7040.550396331199,0.11110458888578004,0.7678571428571431,0.09743589743589745,0.31397849462365585,0.3031135531135529,0.7817371937639198,19.9,REPLACE
RDH-0160,Eggs White Large 500g,Dairy & Eggs,4719,40072.2,17.5,96.5,37.6,5.3,-4.1,6,6408.531557924999,0.10068603923426933,0.5535714285714282,0.030769230769230795,0.7376344086021507,0.41446886446886455,0.9955456570155902,19.8,REPLACE
RDH-0060,Pasta Alfredo 300g,Ready Meals,986,22130.49,17.2,95.0,14.2,3.6,12.1,368,3485.941671624,0.05250844389832104,0.285714285714285,0.8615384615384616,0.2344086021505376,0.4344322344322348,0.5924276169265034,19.8,MAINTAIN
RDH-0257,Oral-B Toothpaste Large,Health & Wellness,1077,19563.19,30.6,98.5,7.0,2.5,-2.6,275,5749.127570452499,0.08981605757168001,0.9107142857142856,0.1076923076923077,0.07956989247311828,0.12802197802197807,0.6959910913140313,19.4,REPLACE
RDH-0179,Head & Shoulders Shampoo 200g,Pantry Essentials,773,19213.96,16.4,96.2,10.9,2.9,4.8,873,2943.4389480828795,0.04356552761508782,0.5,0.48717948717948717,0.16344086021505377,0.3128205128205128,0.030066815144766168,19.2,MAINTAIN
RDH-0111,Pringles Sour Cream 300g,Snacks & Confectionery,316,5317.43,25.2,97.4,5.1,3.3,3.4,892,1262.0825242048802,0.01584911424324302,0.714285714285715,0.41538461538461535,0.038709677419354833,0.24761904761904732,0.008908685968819552,19.2,MAINTAIN
RDH-0088,Almarai Mango Juice 330ml,Beverages,1763,16279.67,17.2,95.4,9.1,0.9,11.3,232,2647.25680454136,0.03868309661641726,0.3571428571428575,0.8205128205128205,0.12473118279569892,0.26739926739926734,0.7438752783964365,18.5,MAINTAIN
RDH-0259,Panadol Extra Medium,Health & Wellness,952,13781.98,43.5,97.9,3.3,2.9,0.8,221,5699.0542882316995,0.08899062176924874,0.8035714285714294,0.28205128205128205,0.0,0.19139194139194105,0.7561247216035635,18.4,MAINTAIN
RDH-0100,Almarai Orange Juice 1L,Beverages,1254,11224.08,26.2,94.3,14.7,4.3,11.7,838,2653.84574166096,0.03879171231639283,0.16071428571428437,0.8410256410256409,0.2451612903225806,0.5203296703296709,0.06904231625835189,18.4,PROMOTE
RDH-0106,Mixed Nuts Roasted 100g,Snacks & Confectionery,3563,62019.66,27.9,94.1,24.3,3.2,-1.2,595,15761.53697220432,0.25486617656253296,0.1249999999999981,0.1794871794871795,0.45161290322580644,0.47820512820512895,0.3396436525612472,18.3,RATIONALIZE
RDH-0198,Tide Laundry Liquid 1kg,Pantry Essentials,820,33939.31,31.9,96.6,7.9,4.3,-0.8,679,10008.817165989178,0.16003514734286095,0.57142857142857,0.2,0.09892473118279571,0.35604395604395667,0.24610244988864138,18.3,REPLACE
RDH-0048,Chicken Shawarma 350g,Ready Meals,1968,39394.7,32.6,97.3,7.9,5.3,-2.5,120,11833.636287918198,0.19011647953034336,0.6964285714285706,0.11282051282051284,0.09892473118279571,0.3573260073260076,0.8685968819599109,17.9,REPLACE
RDH-0222,Frozen Mixed Vegetables 400g,Frozen,3383,34211.0,15.8,95.4,16.6,1.4,2.8,746,5084.4987576720005,0.0788599469860524,0.3571428571428575,0.38461538461538464,0.2860215053763441,0.29304029304029294,0.17149220489977723,17.9,MAINTAIN
RDH-0082,Oasis Water 6pk,Beverages,2855,32554.74,28.3,94.3,11.7,0.9,5.8,878,8609.660250878462,0.13697066744998984,0.16071428571428437,0.5384615384615384,0.18064516129032254,0.3459706959706966,0.024498886414253906,17.7,RATIONALIZE
RDH-0117,Mixed Nuts Roasted 200g,Snacks & Confectionery,2201,40748.32,19.2,98.1,6.7,4.1,-2.9,125,7360.35143832576,0.11637636692807281,0.8392857142857131,0.09230769230769233,0.07311827956989247,0.23864468864468907,0.8630289532293987,17.5,REPLACE
RDH-0061,Butter Chicken 300g,Ready Meals,1741,44798.31,22.4,94.9,10.6,0.7,2.3,900,9456.38422773408,0.15092853588353355,0.2678571428571431,0.358974358974359,0.15698924731182795,0.29285714285714276,0.0,17.4,RATIONALIZE
RDH-0135,Galaxy Chocolate 100g,Snacks & Confectionery,2907,8624.33,17.7,94.6,18.5,1.4,9.0,520,1423.85801296596,0.018515911274649653,0.21428571428571247,0.7025641025641025,0.3268817204301075,0.35018315018315094,0.423162583518931,17.3,RATIONALIZE
RDH-0212,Fairy Dish Liquid 500g,Pantry Essentials,698,11744.48,29.0,95.2,21.3,11.2,6.5,741,2879.2654420992003,0.0425076558907441,0.32142857142857123,0.5743589743589743,0.3870967741935484,0.8098901098901099,0.1770601336302895,17.3,RATIONALIZE
RDH-0163,Halloumi Cheese 200g,Dairy & Eggs,1248,18532.86,20.0,95.2,43.4,3.4,-2.2,8,3408.682221504,0.05123485620091399,0.32142857142857123,0.1282051282051282,0.8623655913978495,0.40989010989011,0.9933184855233853,17.3,REPLACE
RDH-0110,Haribo Starmix 300g,Snacks & Confectionery,615,6400.85,29.5,94.3,21.9,1.6,10.2,259,1752.130529934,0.023927337816748696,0.16071428571428437,0.764102564102564,0.39999999999999997,0.38186813186813245,0.7138084632516704,17.3,PROMOTE
RDH-0104,Twix Chocolate Bar 300g,Snacks & Confectionery,2266,4646.69,23.8,97.9,21.4,6.3,-4.7,500,1014.4787153870602,0.011767475501940725,0.8035714285714294,0.0,0.38924731182795697,0.36575091575091534,0.4454342984409799,17.2,REPLACE
RDH-0226,Frozen Mixed Vegetables 1kg,Frozen,2314,21966.77,28.4,94.6,14.2,4.5,9.8,223,5636.1046819923995,0.08795292548823111,0.21428571428571247,0.7435897435897436,0.2344086021505376,0.5091575091575099,0.7538975501113585,17.0,PROMOTE
RDH-0017,Sweet Corn Fresh 500g,Fresh & Produce,1749,17899.0,18.9,94.9,40.7,8.7,2.1,2,2931.079258107,0.04336178361907703,0.2678571428571431,0.34871794871794876,0.8043010752688173,0.703113553113553,1.0,16.8,RATIONALIZE
RDH-0042,Beef Kofta 400g,Ready Meals,1499,39201.07,18.4,93.9,12.5,12.2,14.1,586,5946.69757374096,0.09307291126626409,0.08928571428571437,0.9641025641025641,0.1978494623655914,0.954029304029304,0.34966592427616927,16.8,RATIONALIZE
RDH-0219,Frozen Chicken Strips 750g,Frozen,341,7633.18,18.2,95.4,6.6,5.6,12.5,272,1251.11508552576,0.015668320891075765,0.3571428571428575,0.882051282051282,0.07096774193548387,0.5084249084249083,0.6993318485523385,16.5,MAINTAIN
RDH-0103,Protein Bar Chocolate 200g,Snacks & Confectionery,2424,37455.88,21.9,94.8,17.7,8.7,7.2,222,7099.752914765278,0.1120805160897149,0.24999999999999872,0.6102564102564103,0.30967741935483867,0.7102564102564107,0.755011135857461,16.4,RATIONALIZE
RDH-0139,Almarai Fresh Milk 200g,Dairy & Eggs,2108,14765.98,22.4,95.8,30.6,5.9,0.5,3,2981.7101705305595,0.04419641170756308,0.4285714285714275,0.26666666666666666,0.5870967741935484,0.4952380952380957,0.9988864142538976,16.2,MAINTAIN
RDH-0181,Tide Laundry Liquid 2kg,Pantry Essentials,2001,80168.19,33.3,94.4,5.6,11.8,2.5,126,22227.30922106016,0.3614515583842844,0.17857142857142874,0.36923076923076925,0.04946236559139785,0.8978021978021977,0.8619153674832962,15.5,RATIONALIZE
RDH-0105,Oreo Cookies 300g,Snacks & Confectionery,862,6022.63,20.8,94.6,11.9,4.4,9.0,864,1132.91818200704,0.013719897468967016,0.21428571428571247,0.7025641025641025,0.1849462365591398,0.5040293040293048,0.04008908685968815,15.4,RATIONALIZE
RDH-0155,Almarai Fresh Milk 200g,Dairy & Eggs,5335,36089.41,15.1,94.1,40.6,11.8,3.5,8,4522.87867426542,0.06960188952211267,0.1249999999999981,0.42051282051282046,0.8021505376344087,0.91923076923077,0.9933184855233853,15.1,RATIONALIZE
RDH-0232,Frozen Fries 750g,Frozen,3727,48505.78,23.0,95.5,17.6,1.5,-3.1,251,10494.480158345,0.168041085919819,0.3749999999999994,0.08205128205128205,0.30752688172043013,0.2910256410256413,0.72271714922049,15.1,REPLACE
RDH-0119,Twix Chocolate Bar 40g,Snacks & Confectionery,1483,3310.47,30.1,96.2,11.3,5.4,2.9,701,906.8226531764399,0.009992813163938378,0.5,0.38974358974358975,0.17204301075268819,0.441025641025641,0.22160356347438748,14.9,MAINTAIN
RDH-0189,Gillette Blue3 Razors 200g,Pantry Essentials,2043,43436.83,21.0,93.6,11.5,8.3,11.9,317,7829.2940105016,0.12410667680972397,0.03571428571428372,0.8512820512820514,0.17634408602150536,0.7754578754578763,0.6492204899777283,14.8,RATIONALIZE
RDH-0041,Pasta Alfredo 400g,Ready Meals,1329,32158.78,32.5,94.2,6.8,4.5,8.4,342,9402.367024635001,0.15003808629829227,0.1428571428571425,0.6717948717948719,0.07526881720430108,0.5377289377289378,0.6213808463251671,14.8,PROMOTE
RDH-0114,Protein Bar Chocolate 100g,Snacks & Confectionery,1729,27122.8,15.2,94.6,19.5,1.7,5.5,165,3833.740949420799,0.05824176041404908,0.21428571428571247,0.523076923076923,0.34838709677419355,0.3655677655677663,0.8184855233853007,14.7,RATIONALIZE
RDH-0091,Pepsi Regular 500ml,Beverages,3497,57014.81,27.2,94.7,13.4,1.8,-1.6,263,14421.752968297282,0.23278043272267282,0.23214285714285687,0.158974358974359,0.21720430107526884,0.3635531135531137,0.7093541202672606,14.5,RATIONALIZE
RDH-0211,Head & Shoulders Shampoo 2kg,Pantry Essentials,1510,40488.93,28.3,94.6,9.7,4.0,4.3,247,10406.030747270399,0.16658303668943297,0.21428571428571247,0.46153846153846156,0.13763440860215054,0.48351648351648424,0.7271714922048997,14.3,RATIONALIZE
RDH-0080,Pepsi Regular 6pk,Beverages,434,6933.63,25.8,95.9,14.9,5.1,1.7,622,1628.04043916514,0.02188176782203767,0.4464285714285719,0.3282051282051282,0.24946236559139787,0.44706959706959687,0.3095768374164811,14.2,MAINTAIN
RDH-0070,Beef Kofta 300g,Ready Meals,2588,63115.51,17.3,94.1,23.7,10.0,3.2,267,9247.286897487,0.147481659327336,0.1249999999999981,0.40512820512820513,0.4387096774193548,0.8269230769230776,0.7048997772828508,13.9,RATIONALIZE
RDH-0063,Arabic Mixed Grill 350g,Ready Meals,2069,56581.37,25.7,94.0,5.1,3.5,2.5,872,13190.514906839,0.21248402050103507,0.10714285714285623,0.36923076923076925,0.038709677419354833,0.5007326007326011,0.031180400890868598,13.8,RATIONALIZE
RDH-0093,Oasis Water 500ml,Beverages,667,8415.48,27.8,96.0,16.3,5.7,0.7,471,2117.9056741632,0.029956978501273938,0.46428571428571375,0.27692307692307694,0.27956989247311825,0.4706959706959709,0.47772828507795095,13.7,MAINTAIN
RDH-0159,Almarai Fresh Milk 500g,Dairy & Eggs,1680,11430.51,17.8,93.5,33.9,7.8,7.8,6,1753.9941565146005,0.023958058872644475,0.01785714285714186,0.6410256410256411,0.6580645161290322,0.7569597069597074,0.9955456570155902,13.5,RATIONALIZE
RDH-0230,Frozen Fish Fillet 750g,Frozen,1383,40419.33,25.7,94.7,14.5,0.9,0.5,183,9748.681171025371,0.15574692108284927,0.23214285714285687,0.26666666666666666,0.24086021505376343,0.31739926739926755,0.7984409799554566,13.4,RATIONALIZE
RDH-0122,Protein Bar Chocolate 200g,Snacks & Confectionery,3443,47596.01,22.1,94.2,7.4,3.6,5.8,318,9551.921781882482,0.15250343000217895,0.1428571428571425,0.5384615384615384,0.0881720430107527,0.4915750915750917,0.6481069042316259,13.2,RATIONALIZE
RDH-0194,Pantene Shampoo 2kg,Pantry Essentials,1258,29589.35,35.0,94.0,14.2,6.4,2.6,822,9111.862796399999,0.14524925320991058,0.10714285714285623,0.3743589743589744,0.2344086021505376,0.6494505494505498,0.0868596881959911,13.2,RATIONALIZE
RDH-0225,Frozen Fries 400g,Frozen,325,4334.48,26.1,96.1,8.1,2.6,1.1,727,1058.91196426992,0.01249993786149856,0.4821428571428556,0.2974358974358975,0.1032258064516129,0.30457875457875516,0.19265033407572385,13.0,MAINTAIN
RDH-0116,Protein Bar Chocolate 100g,Snacks & Confectionery,2437,33968.73,23.1,96.1,11.1,4.6,-1.5,157,7193.877733724221,0.11363212189664963,0.4821428571428556,0.1641025641025641,0.16774193548387095,0.4071428571428577,0.8273942093541202,12.8,REPLACE
RDH-0217,Frozen Fries 750g,Frozen,1529,19980.64,29.3,95.5,17.7,4.7,-3.6,818,5328.111290864799,0.08287579132259137,0.3749999999999994,0.05641025641025642,0.30967741935483867,0.4551282051282054,0.09131403118040093,12.8,REPLACE
RDH-0118,Galaxy Chocolate 40g,Snacks & Confectionery,3252,9394.49,27.3,94.0,10.5,5.1,10.2,378,2287.8625085862,0.03275864137973323,0.10714285714285623,0.764102564102564,0.15483870967741936,0.5827838827838832,0.5812917594654788,12.1,PROMOTE
RDH-0130,Kinder Bueno 200g,Snacks & Confectionery,2434,9936.75,29.7,95.1,9.5,6.4,6.8,219,2626.9824927059994,0.03834888359669211,0.3035714285714268,0.5897435897435898,0.13333333333333333,0.5708791208791215,0.7583518930957683,12.1,MAINTAIN
RDH-0053,Chicken Caesar Salad 400g,Ready Meals,1966,41954.33,24.5,95.2,11.0,3.9,-2.1,441,9403.7962399612,0.15006164627773252,0.32142857142857123,0.13333333333333333,0.16559139784946236,0.4355311355311356,0.5111358574610245,11.9,REPLACE
RDH-0084,Sparkling Water 1L,Beverages,504,10737.5,24.4,96.2,13.4,4.3,-2.5,461,2412.0150482999998,0.03480524081754627,0.5,0.11282051282051284,0.21720430107526884,0.3846153846153846,0.4888641425389755,11.4,REPLACE
RDH-0128,KitKat Chocolate Bar 200g,Snacks & Confectionery,409,1029.44,31.3,95.4,13.2,2.2,2.4,390,300.63020033664003,0.0,0.3571428571428575,0.3641025641025641,0.21290322580645157,0.334065934065934,0.5679287305122495,11.4,MAINTAIN
RDH-0073,Pepsi Regular 330ml,Beverages,3000,50851.91,15.8,94.9,20.1,2.7,-4.2,406,7418.966487811061,0.11734260996748658,0.2678571428571431,0.02564102564102564,0.3612903225806452,0.3954212454212453,0.5501113585746102,11.1,RATIONALIZE
RDH-0193,Sunflower Oil Cooking Oil 200g,Pantry Essentials,3171,57349.96,26.3,94.5,14.6,4.0,-4.1,250,13683.333416256,0.22060791459649015,0.19642857142857062,0.030769230769230795,0.24301075268817207,0.49065934065934097,0.7238307349665924,10.9,RATIONALIZE
RDH-0252,Oral-B Toothpaste Medium,Health & Wellness,493,8087.81,40.6,94.6,7.2,9.6,7.9,409,2808.12567705824,0.04133494848198219,0.21428571428571247,0.6461538461538462,0.08387096774193549,0.7706959706959714,0.546770601336303,10.4,RATIONALIZE
RDH-0205,Heinz Baked Beans 1kg,Pantry Essentials,1559,12227.63,28.2,94.4,6.0,1.6,5.8,426,3203.0114402073596,0.047844464781241026,0.17857142857142874,0.5384615384615384,0.05806451612903226,0.37472527472527467,0.5278396436525612,10.3,RATIONALIZE
RDH-0096,Coca Cola Regular 6pk,Beverages,3082,54666.72,20.6,95.6,6.4,11.0,-2.6,496,9581.602201228801,0.152992698523695,0.39285714285714124,0.1076923076923077,0.06666666666666668,0.7710622710622718,0.44988864142538976,9.6,RATIONALIZE
RDH-0177,Olive Oil Extra Virgin Family Pack,Pantry Essentials,710,22653.79,33.4,94.3,18.5,4.9,-2.0,478,6785.4639386869785,0.10689960200422409,0.16071428571428437,0.13846153846153847,0.3268817204301075,0.5510989010989017,0.46993318485523383,9.4,RATIONALIZE
RDH-0003,Eggplant 250g,Fresh & Produce,4053,32446.43,19.0,94.2,32.3,10.0,-2.3,7,5226.535837260001,0.08120136511494064,0.1428571428571425,0.1230769230769231,0.6236559139784945,0.81978021978022,0.9944320712694877,8.9,RATIONALIZE
RDH-0138,Greek Yogurt Plain 200g,Dairy & Eggs,4271,41803.34,17.8,93.6,36.7,8.6,-3.2,5,6365.8005758380805,0.09998163798627321,0.03571428571428372,0.07692307692307693,0.7182795698924732,0.7908424908424916,0.9966592427616926,8.6,RATIONALIZE
RDH-0090,Powerade Sports Drink 6pk,Beverages,1395,8176.7,27.0,95.3,15.8,3.0,-4.3,665,2040.8282766900004,0.028686391860836425,0.3392857142857131,0.02051282051282053,0.26881720430107525,0.3822344322344327,0.26169265033407574,8.5,REPLACE
RDH-0023,Grapes Red 1kg,Fresh & Produce,4889,67838.82,19.1,93.4,34.7,11.6,-4.1,5,10698.20199429072,0.17139934984158722,0.0,0.030769230769230795,0.6752688172043011,0.9589743589743589,0.9966592427616926,8.4,RATIONALIZE
RDH-0066,Beef Kofta 400g,Ready Meals,1568,37707.86,20.6,94.1,10.6,2.7,-0.1,378,7112.1608481618805,0.11228505535707461,0.1249999999999981,0.23589743589743592,0.15698924731182795,0.4525641025641033,0.5812917594654788,8.0,RATIONALIZE
RDH-0089,Coca Cola Zero 330ml,Beverages,1227,21012.18,15.1,94.5,23.9,9.0,-0.3,143,2728.483052841,0.04002207521877949,0.19642857142857062,0.22564102564102567,0.44301075268817197,0.7470695970695974,0.8429844097995546,8.0,RATIONALIZE
RDH-0109,Mixed Nuts Roasted 300g,Snacks & Confectionery,410,7615.03,32.3,94.7,5.7,10.4,6.1,148,2087.04652032128,0.02944827906548431,0.23214285714285687,0.5538461538461539,0.05161290322580646,0.8045787545787547,0.8374164810690423,6.9,RATIONALIZE
RDH-0054,Beef Lasagna 350g,Ready Meals,415,9979.24,23.1,95.4,8.2,11.5,-2.7,880,1946.2610566476,0.02712749326866525,0.3571428571428575,0.10256410256410256,0.10537634408602149,0.8109890109890108,0.022271714922049046,5.9,RATIONALIZE
RDH-0047,Chicken Caesar Salad 300g,Ready Meals,1130,24091.6,21.4,94.8,10.4,3.2,-3.0,252,4731.110720793599,0.0730345022607779,0.24999999999999872,0.08717948717948719,0.15268817204301077,0.42820512820512874,0.7216035634743876,5.8,RATIONALIZE
RDH-0214,Head & Shoulders Shampoo 1kg,Pantry Essentials,1396,37717.5,15.6,94.0,19.2,12.4,-2.5,763,4845.0633192,0.0749129601994837,0.10714285714285623,0.11282051282051284,0.3419354838709677,0.9571428571428575,0.1525612472160356,5.8,RATIONALIZE
RDH-0200,Heinz Baked Beans 500g,Pantry Essentials,1700,12885.21,22.4,94.1,5.8,2.3,2.3,292,2653.5281942332795,0.03878647768818089,0.1249999999999981,0.358974358974359,0.053763440860215055,0.4320512820512828,0.6770601336302895,5.1,RATIONALIZE
RDH-0078,Lipton Ice Tea Peach 1L,Beverages,1660,29044.0,26.4,94.1,6.8,1.0,-4.2,507,7143.074389439999,0.11279465134557759,0.1249999999999981,0.02564102564102564,0.07526881720430108,0.36538461538461614,0.4376391982182628,4.4,RATIONALIZE
